Workbook

Sheet Resumo
A1: Imagens do briefing em WebP
A2: Limite por arquivo (bytes) | B2: 100000 | C2: Pedido do escritório: no máximo 100.000 bytes por imagem.
A4: Pasta | B4: Ambiente | C4: Arquivos | D4: Total WebP (bytes) | E4: Total JPG original (bytes) | F4: Redução | G4: Maior arquivo (bytes) | H4: Arquivos acima do limite
A5: banheiro | B5: Banheiros da casa | C5: =COUNTIF(Arquivos!$B$2:$B$359,A5) -> 20 | D5: =SUMIF(Arquivos!$B$2:$B$359,A5,Arquivos!$E$2:$E$359) -> 1114116 | E5: =SUMIF(Arquivos!$B$2:$B$359,A5,Arquivos!$D$2:$D$359) -> 2505866 | F5: =IF(E5=0,0,1-D5/E5) -> 0.55539682 | G5: =_xlfn.MAXIFS(Arquivos!$E$2:$E$359,Arquivos!$B$2:$B$359,A5) -> 93894 | H5: =COUNTIFS(Arquivos!$B$2:$B$359,A5,Arquivos!$E$2:$E$359,">"&$B$2) -> 0
A6: banho_master | B6: Banheiro master | C6: =COUNTIF(Arquivos!$B$2:$B$359,A6) -> 24 | D6: =SUMIF(Arquivos!$B$2:$B$359,A6,Arquivos!$E$2:$E$359) -> 1350134 | E6: =SUMIF(Arquivos!$B$2:$B$359,A6,Arquivos!$D$2:$D$359) -> 3055625 | F6: =IF(E6=0,0,1-D6/E6) -> 0.55814801 | G6: =_xlfn.MAXIFS(Arquivos!$E$2:$E$359,Arquivos!$B$2:$B$359,A6) -> 89350 | H6: =COUNTIFS(Arquivos!$B$2:$B$359,A6,Arquivos!$E$2:$E$359,">"&$B$2) -> 0
A7: capas | B7: Capas | C7: =COUNTIF(Arquivos!$B$2:$B$359,A7) -> 17 | D7: =SUMIF(Arquivos!$B$2:$B$359,A7,Arquivos!$E$2:$E$359) -> 850190 | E7: =SUMIF(Arquivos!$B$2:$B$359,A7,Arquivos!$D$2:$D$359) -> 2126388 | F7: =IF(E7=0,0,1-D7/E7) -> 0.60017175 | G7: =_xlfn.MAXIFS(Arquivos!$E$2:$E$359,Arquivos!$B$2:$B$359,A7) -> 94788 | H7: =COUNTIFS(Arquivos!$B$2:$B$359,A7,Arquivos!$E$2:$E$359,">"&$B$2) -> 0
A8: cinema | B8: Cinema | C8: =COUNTIF(Arquivos!$B$2:$B$359,A8) -> 17 | D8: =SUMIF(Arquivos!$B$2:$B$359,A8,Arquivos!$E$2:$E$359) -> 1282714 | E8: =SUMIF(Arquivos!$B$2:$B$359,A8,Arquivos!$D$2:$D$359) -> 2630395 | F8: =IF(E8=0,0,1-D8/E8) -> 0.51234929 | G8: =_xlfn.MAXIFS(Arquivos!$E$2:$E$359,Arquivos!$B$2:$B$359,A8) -> 95970 | H8: =COUNTIFS(Arquivos!$B$2:$B$359,A8,Arquivos!$E$2:$E$359,">"&$B$2) -> 0
A9: closet | B9: Closet master | C9: =COUNTIF(Arquivos!$B$2:$B$359,A9) -> 16 | D9: =SUMIF(Arquivos!$B$2:$B$359,A9,Arquivos!$E$2:$E$359) -> 1011664 | E9: =SUMIF(Arquivos!$B$2:$B$359,A9,Arquivos!$D$2:$D$359) -> 2219149 | F9: =IF(E9=0,0,1-D9/E9) -> 0.54412074 | G9: =_xlfn.MAXIFS(Arquivos!$E$2:$E$359,Arquivos!$B$2:$B$359,A9) -> 94382 | H9: =COUNTIFS(Arquivos!$B$2:$B$359,A9,Arquivos!$E$2:$E$359,">"&$B$2) -> 0
A10: closet_suite | B10: Closet suíte | C10: =COUNTIF(Arquivos!$B$2:$B$359,A10) -> 5 | D10: =SUMIF(Arquivos!$B$2:$B$359,A10,Arquivos!$E$2:$E$359) -> 208518 | E10: =SUMIF(Arquivos!$B$2:$B$359,A10,Arquivos!$D$2:$D$359) -> 523232 | F10: =IF(E10=0,0,1-D10/E10) -> 0.6014808 | G10: =_xlfn.MAXIFS(Arquivos!$E$2:$E$359,Arquivos!$B$2:$B$359,A10) -> 65510 | H10: =COUNTIFS(Arquivos!$B$2:$B$359,A10,Arquivos!$E$2:$E$359,">"&$B$2) -> 0
A11: cozinha | B11: Cozinha | C11: =COUNTIF(Arquivos!$B$2:$B$359,A11) -> 35 | D11: =SUMIF(Arquivos!$B$2:$B$359,A11,Arquivos!$E$2:$E$359) -> 2266290 | E11: =SUMIF(Arquivos!$B$2:$B$359,A11,Arquivos!$D$2:$D$359) -> 5011785 | F11: =IF(E11=0,0,1-D11/E11) -> 0.54780782 | G11: =_xlfn.MAXIFS(Arquivos!$E$2:$E$359,Arquivos!$B$2:$B$359,A11) -> 94196 | H11: =COUNTIFS(Arquivos!$B$2:$B$359,A11,Arquivos!$E$2:$E$359,">"&$B$2) -> 0
A12: gourmet | B12: Varanda gourmet | C12: =COUNTIF(Arquivos!$B$2:$B$359,A12) -> 30 | D12: =SUMIF(Arquivos!$B$2:$B$359,A12,Arquivos!$E$2:$E$359) -> 2553186 | E12: =SUMIF(Arquivos!$B$2:$B$359,A12,Arquivos!$D$2:$D$359) -> 6400596 | F12: =IF(E12=0,0,1-D12/E12) -> 0.60110183 | G12: =_xlfn.MAXIFS(Arquivos!$E$2:$E$359,Arquivos!$B$2:$B$359,A12) -> 96260 | H12: =COUNTIFS(Arquivos!$B$2:$B$359,A12,Arquivos!$E$2:$E$359,">"&$B$2) -> 0
A13: hospedes | B13: Suíte de hóspedes | C13: =COUNTIF(Arquivos!$B$2:$B$359,A13) -> 14 | D13: =SUMIF(Arquivos!$B$2:$B$359,A13,Arquivos!$E$2:$E$359) -> 954680 | E13: =SUMIF(Arquivos!$B$2:$B$359,A13,Arquivos!$D$2:$D$359) -> 2113289 | F13: =IF(E13=0,0,1-D13/E13) -> 0.5482492 | G13: =_xlfn.MAXIFS(Arquivos!$E$2:$E$359,Arquivos!$B$2:$B$359,A13) -> 92580 | H13: =COUNTIFS(Arquivos!$B$2:$B$359,A13,Arquivos!$E$2:$E$359,">"&$B$2) -> 0
A14: lavabo_externo | B14: Lavabo externo | C14: =COUNTIF(Arquivos!$B$2:$B$359,A14) -> 6 | D14: =SUMIF(Arquivos!$B$2:$B$359,A14,Arquivos!$E$2:$E$359) -> 381484 | E14: =SUMIF(Arquivos!$B$2:$B$359,A14,Arquivos!$D$2:$D$359) -> 738243 | F14: =IF(E14=0,0,1-D14/E14) -> 0.48325416 | G14: =_xlfn.MAXIFS(Arquivos!$E$2:$E$359,Arquivos!$B$2:$B$359,A14) -> 86350 | H14: =COUNTIFS(Arquivos!$B$2:$B$359,A14,Arquivos!$E$2:$E$359,">"&$B$2) -> 0
A15: lavabo_interno | B15: Lavabo interno | C15: =COUNTIF(Arquivos!$B$2:$B$359,A15) -> 8 | D15: =SUMIF(Arquivos!$B$2:$B$359,A15,Arquivos!$E$2:$E$359) -> 513150 | E15: =SUMIF(Arquivos!$B$2:$B$359,A15,Arquivos!$D$2:$D$359) -> 1071544 | F15: =IF(E15=0,0,1-D15/E15) -> 0.52111159 | G15: =_xlfn.MAXIFS(Arquivos!$E$2:$E$359,Arquivos!$B$2:$B$359,A15) -> 95046 | H15: =COUNTIFS(Arquivos!$B$2:$B$359,A15,Arquivos!$E$2:$E$359,">"&$B$2) -> 0
A16: master | B16: Suíte master | C16: =COUNTIF(Arquivos!$B$2:$B$359,A16) -> 36 | D16: =SUMIF(Arquivos!$B$2:$B$359,A16,Arquivos!$E$2:$E$359) -> 2619678 | E16: =SUMIF(Arquivos!$B$2:$B$359,A16,Arquivos!$D$2:$D$359) -> 5528768 | F16: =IF(E16=0,0,1-D16/E16) -> 0.52617328 | G16: =_xlfn.MAXIFS(Arquivos!$E$2:$E$359,Arquivos!$B$2:$B$359,A16) -> 96868 | H16: =COUNTIFS(Arquivos!$B$2:$B$359,A16,Arquivos!$E$2:$E$359,">"&$B$2) -> 0
... A21: sala | B21: Sala | C21: =COUNTIF(Arquivos!$B$2:$B$359,A21) -> 36 | D21: =SUMIF(Arquivos!$B$2:$B$359,A21,Arquivos!$E$2:$E$359) -> 2908824 | E21: =SUMIF(Arquivos!$B$2:$B$359,A21,Arquivos!$D$2:$D$359) -> 6468762 | F21: =IF(E21=0,0,1-D21/E21) -> 0.55032756 | G21: =_xlfn.MAXIFS(Arquivos!$E$2:$E$359,Arquivos!$B$2:$B$359,A21) -> 96864 | H21: =COUNTIFS(Arquivos!$B$2:$B$359,A21,Arquivos!$E$2:$E$359,">"&$B$2) -> 0
A22: Total | C22: =SUM(C5:C21) -> 358 | D22: =SUM(D5:D21) -> 24022676 | E22: =SUM(E5:E21) -> 52622498 | F22: =IF(E22=0,0,1-D22/E22) -> 0.54349039 | G22: =MAX(G5:G21) -> 96868 | H22: =SUM(H5:H21) -> 0
A24: Notas
A25: 24 fotos muito detalhadas foram reduzidas de tamanho (mesma proporção) para caber no limite; o menor lado maior ficou entre 760 e 920 px. Nenhuma ficou abaixo da qualidade 64.
A26: Os JPG originais continuam guardados (pasta IMAGENS BRIEFING e ZIPs do projeto). O site publicado usa só WebP.
A27: Pesos medidos nos arquivos gerados; conferidos também na versão publicada (maior: 96.868 bytes).

Sheet Arquivos
A1: Arquivo | B1: Pasta | C1: Ambiente | D1: JPG original (bytes) | E1: WebP (bytes) | F1: Redução | G1: Qualidade WebP | H1: Largura (px) | I1: Altura (px) | J1: Dentro de 100.000 bytes?
A2: banheiro/01.webp | B2: banheiro | C2: Banheiros da casa | D2: 142754 | E2: 48886 | F2: =1-E2/D2 -> 0.65755075 | G2: 84 | H2: 864 | I2: 1080 | J2: =IF(E2<=100000,"Sim","Não") -> Sim
A3: banheiro/02.webp | B3: banheiro | C3: Banheiros da casa | D3: 123363 | E3: 44476 | F3: =1-E3/D3 -> 0.63947051 | G3: 84 | H3: 721 | I3: 1080 | J3: =IF(E3<=100000,"Sim","Não") -> Sim
A4: banheiro/03.webp | B4: banheiro | C4: Banheiros da casa | D4: 192345 | E4: 93682 | F4: =1-E4/D4 -> 0.51294809 | G4: 84 | H4: 864 | I4: 1080 | J4: =IF(E4<=100000,"Sim","Não") -> Sim
A5: banheiro/04.webp | B5: banheiro | C5: Banheiros da casa | D5: 147794 | E5: 59118 | F5: =1-E5/D5 -> 0.59999729 | G5: 84 | H5: 721 | I5: 1080 | J5: =IF(E5<=100000,"Sim","Não") -> Sim
A6: banheiro/05.webp | B6: banheiro | C6: Banheiros da casa | D6: 129047 | E6: 62414 | F6: =1-E6/D6 -> 0.51634676 | G6: 84 | H6: 864 | I6: 1080 | J6: =IF(E6<=100000,"Sim","Não") -> Sim
A7: banheiro/06.webp | B7: banheiro | C7: Banheiros da casa | D7: 153152 | E7: 63420 | F7: =1-E7/D7 -> 0.58590159 | G7: 84 | H7: 720 | I7: 1080 | J7: =IF(E7<=100000,"Sim","Não") -> Sim
A8: banheiro/07.webp | B8: banheiro | C8: Banheiros da casa | D8: 123785 | E8: 46668 | F8: =1-E8/D8 -> 0.62299148 | G8: 84 | H8: 720 | I8: 1080 | J8: =IF(E8<=100000,"Sim","Não") -> Sim
A9: banheiro/08.webp | B9: banheiro | C9: Banheiros da casa | D9: 145826 | E9: 57422 | F9: =1-E9/D9 -> 0.60622934 | G9: 84 | H9: 864 | I9: 1080 | J9: =IF(E9<=100000,"Sim","Não") -> Sim
A10: banheiro/09.webp | B10: banheiro | C10: Banheiros da casa | D10: 100869 | E10: 33856 | F10: =1-E10/D10 -> 0.66435674 | G10: 84 | H10: 864 | I10: 1080 | J10: =IF(E10<=100000,"Sim","Não") -> Sim
A11: banheiro/10.webp | B11: banheiro | C11: Banheiros da casa | D11: 107078 | E11: 34608 | F11: =1-E11/D11 -> 0.67679635 | G11: 84 | H11: 721 | I11: 1080 | J11: =IF(E11<=100000,"Sim","Não") -> Sim
A12: banheiro/11.webp | B12: banheiro | C12: Banheiros da casa | D12: 124781 | E12: 50640 | F12: =1-E12/D12 -> 0.59416898 | G12: 84 | H12: 721 | I12: 1080 | J12: =IF(E12<=100000,"Sim","Não") -> Sim
A13: banheiro/12.webp | B13: banheiro | C13: Banheiros da casa | D13: 109964 | E13: 60102 | F13: =1-E13/D13 -> 0.45343931 | G13: 84 | H13: 720 | I13: 1080 | J13: =IF(E13<=100000,"Sim","Não") -> Sim
... A359: sala/36.webp | B359: sala | C359: Sala | D359: 107233 | E359: 76882 | F359: =1-E359/D359 -> 0.28303787 | G359: 84 | H359: 736 | I359: 971 | J359: =IF(E359<=100000,"Sim","Não") -> Sim

Sheet Carregamento por etapa
A1: Etapa | B1: O que carrega na tela | C1: O que prepara para a próxima
A2: Boas-vindas | B2: Nenhuma imagem | C2: Ilustração do "Como responder"
A3: Capa de um ambiente | B3: A capa do ambiente | C3: O primeiro cartão de referência
A4: Referências (deslizes) | B4: A foto da tela e as 2 seguintes (só 3 cartões montados) | C4: A cada deslize entra a próxima; na última foto, as imagens da primeira pergunta
A5: Perguntas | B5: As imagens da página atual | C5: As imagens da próxima página, só das perguntas que vão aparecer com as respostas já dadas
A6: Fim de um ambiente | B6: As imagens da última página | C6: A capa do próximo ambiente
A7: Voltar ou trocar de ambiente | B7: Reaproveita o cache do navegador | C7: Guarda só as últimas 8 imagens preparadas, não o briefing inteiro

Sheet Rede lenta e teste
A1: Item | B1: Como funciona / resultado
A2: Escolhas bloqueadas | B2: Enquanto a foto não chega, o cartão mostra a cor média dela e os botões ficam travados.
A3: Foto que não chega | B3: Depois de 8 segundos aparecem "Tentar de novo" e "Pular esta". Pular manda a foto para o fim da fila, sem marcar escolha.
A4: Fotos da Biblioteca | B4: As fotos enviadas pelo escritório também são salvas em WebP até 100 KB.
A5: Condição do teste | B5: Celular simulado, 400 kbps e 400 ms de atraso, conferindo cada requisição.
A6: Imagens antecipadas | B6: Nada de outro ambiente ou de etapa distante foi baixado antes da hora.
A7: Avanço rápido | B7: 6 toques em fotos ainda carregando registraram só 1 escolha.
A8: Voltar e trocar de ambiente | B8: Funcionaram sem baixar nada a mais.
A9: Foto que nunca chega | B9: O aviso apareceu e "Pular esta" seguiu para a próxima.
A10: Pendente | B10: Teste em celular de verdade, de preferência no 4G.
